                 Bench,       Src,       Type,     N,        Mean,    Median,       Std,  #Outliers
                  comp,  measure1,       orig,    32,    1184.202,    1170.0,   105.045,          7
                  comp,  measure1,       orig,    64,    1193.854,    1184.0,    76.656,          5
                  comp,  measure1,       orig,    96,    1275.709,    1276.5,    81.177,          6
                  comp,  measure1,       orig,   128,    1308.163,    1298.0,     85.82,         12
                  comp,  measure1,       orig,   160,    1289.007,    1283.0,    88.317,          9
                  comp,  measure1,       orig,   192,    1402.334,    1393.5,    93.334,         14
                  comp,  measure1,       orig,   224,    1406.149,    1394.0,   101.534,         14
                  comp,  measure1,       orig,   256,     1375.16,    1364.0,    94.541,          4
                  comp,  measure1,       orig,   288,     1638.82,    1554.0,   353.618,         17
                  comp,  measure1,       orig,   320,    1632.032,    1616.0,   127.235,         16
                  comp,  measure1,       orig,   352,     1614.15,    1602.0,   123.572,         20
                  comp,  measure1,       orig,   384,    1594.383,    1586.0,   122.568,         12
                  comp,  measure1,       orig,   416,    1562.263,    1545.0,   116.838,         12
                  comp,  measure1,       orig,   448,    1728.129,    1713.0,   145.432,         14
                  comp,  measure1,       orig,   480,    2020.435,    2019.5,   197.476,          6
                  comp,  measure1,       orig,   512,    1964.423,    1936.5,   180.997,         12
                  comp,  measure1,       orig,   544,     1853.48,    1830.0,   138.249,         16
                  comp,  measure1,       orig,   576,    2226.403,    2209.0,   185.431,         12
                  comp,  measure1,       orig,   608,    1962.545,    1951.0,   161.066,         19
                  comp,  measure1,       orig,   640,    2036.676,    2009.0,   155.547,         18
                  comp,  measure1,       orig,   672,    2328.098,    2296.5,   199.331,         18
                  comp,  measure1,       orig,   704,    2410.531,    2389.5,    230.07,         12
                  comp,  measure1,       orig,   736,    2344.584,    2322.0,    157.72,         20
                  comp,  measure1,       orig,   768,    2645.328,    2623.0,   257.658,         19
                  comp,  measure1,       orig,   800,     2254.07,    2223.0,   202.734,         13
                  comp,  measure1,       orig,   832,    2538.518,    2497.5,   221.951,         20
                  comp,  measure1,       orig,   864,    2828.692,    2802.0,   272.594,         16
                  comp,  measure1,       orig,   896,    2540.647,    2524.0,   193.406,         16
                  comp,  measure1,       orig,   928,     2703.53,    2675.0,   234.566,         21
                  comp,  measure1,       orig,   960,     2894.37,    2871.0,   244.643,         22
                  comp,  measure1,       orig,   992,    2917.879,    2840.5,   445.067,          8
                  comp,  measure1,       orig,  1024,    2726.458,    2704.0,   203.417,         27
                  comp,  measure1,   orig-opt,    32,    1156.805,    1147.0,    78.988,         13
                  comp,  measure1,   orig-opt,    64,    1165.012,    1162.0,    75.845,          9
                  comp,  measure1,   orig-opt,    96,    1204.747,    1202.0,    89.672,          6
                  comp,  measure1,   orig-opt,   128,    1171.092,    1163.0,    87.601,         10
                  comp,  measure1,   orig-opt,   160,    1192.623,    1183.0,    87.184,          5
                  comp,  measure1,   orig-opt,   192,     1170.91,    1165.0,    91.985,         10
                  comp,  measure1,   orig-opt,   224,    1217.026,    1184.0,   172.086,         21
                  comp,  measure1,   orig-opt,   256,    1164.162,    1162.0,    78.691,          7
                  comp,  measure1,   orig-opt,   288,    1156.905,    1151.0,    82.834,         15
                  comp,  measure1,   orig-opt,   320,    1149.587,    1143.5,    81.599,          8
                  comp,  measure1,   orig-opt,   352,    1163.708,    1158.0,    82.403,         11
                  comp,  measure1,   orig-opt,   384,     1147.19,    1151.0,    70.529,         12
                  comp,  measure1,   orig-opt,   416,    1176.966,    1170.5,    92.842,          4
                  comp,  measure1,   orig-opt,   448,    1136.113,    1130.0,    72.751,          9
                  comp,  measure1,   orig-opt,   480,    1166.889,    1167.0,    77.829,          7
                  comp,  measure1,   orig-opt,   512,    1158.208,    1159.0,    72.243,          6
                  comp,  measure1,   orig-opt,   544,    1173.446,    1174.0,    79.815,         13
                  comp,  measure1,   orig-opt,   576,    1198.355,    1198.0,    88.152,          9
                  comp,  measure1,   orig-opt,   608,    1176.484,    1178.0,    79.288,         15
                  comp,  measure1,   orig-opt,   640,    1173.057,    1170.5,    85.118,          6
                  comp,  measure1,   orig-opt,   672,    1186.434,    1186.5,    83.956,          6
                  comp,  measure1,   orig-opt,   704,    1199.253,    1191.0,     91.44,          2
                  comp,  measure1,   orig-opt,   736,    1177.357,    1175.0,    77.378,         12
                  comp,  measure1,   orig-opt,   768,    1211.874,    1210.0,    89.034,          7
                  comp,  measure1,   orig-opt,   800,    1185.205,    1183.0,    82.527,         10
                  comp,  measure1,   orig-opt,   832,    1172.777,    1173.5,    85.782,         10
                  comp,  measure1,   orig-opt,   864,    1171.162,    1170.0,    86.476,          7
                  comp,  measure1,   orig-opt,   896,    1186.199,    1183.5,    84.812,         12
                  comp,  measure1,   orig-opt,   928,    1166.757,    1171.0,    79.197,         12
                  comp,  measure1,   orig-opt,   960,    1189.305,    1185.0,    83.635,          1
                  comp,  measure1,   orig-opt,   992,    1197.586,    1191.0,    82.057,         12
                  comp,  measure1,   orig-opt,  1024,    1207.253,    1205.0,    79.409,         12
                  comp,  measure1,        lif,    32,    1340.436,    1335.0,    89.655,          9
                  comp,  measure1,        lif,    64,      1483.6,    1477.0,   100.316,         10
                  comp,  measure1,        lif,    96,     1747.15,    1736.0,   119.606,         16
                  comp,  measure1,        lif,   128,    2379.496,    2364.0,   169.533,         19
                  comp,  measure1,        lif,   160,    2492.814,    2468.0,   243.253,         16
                  comp,  measure1,        lif,   192,    2472.444,    2441.0,   198.207,         23
                  comp,  measure1,        lif,   224,    2884.329,    2853.0,   283.916,         17
                  comp,  measure1,        lif,   256,    3194.617,    3174.5,   206.848,         24
                  comp,  measure1,        lif,   288,    3450.179,    3413.0,   292.355,         19
                  comp,  measure1,        lif,   320,    3622.097,    3603.0,    243.19,         23
                  comp,  measure1,        lif,   352,    3885.459,    3857.0,   322.054,         28
                  comp,  measure1,        lif,   384,    3861.345,    3809.0,   355.476,         29
                  comp,  measure1,        lif,   416,    4118.814,    4069.0,   351.801,         27
                  comp,  measure1,        lif,   448,    4479.573,    4410.0,   390.122,         26
                  comp,  measure1,        lif,   480,    4623.185,    4566.0,    366.02,         27
                  comp,  measure1,        lif,   512,    4481.998,    4435.0,   336.226,         27
                  comp,  measure1,        lif,   544,    4937.642,    4862.5,   550.076,         12
                  comp,  measure1,        lif,   576,    5694.724,    5657.0,   411.381,         28
                  comp,  measure1,        lif,   608,      5426.3,    5370.5,   412.442,         28
                  comp,  measure1,        lif,   640,    5919.042,    5872.5,   439.678,         26
                  comp,  measure1,        lif,   672,    5815.554,    5707.0,   562.394,         23
                  comp,  measure1,        lif,   704,    5515.761,    5455.0,   415.829,         29
                  comp,  measure1,        lif,   736,    7005.761,    6964.0,   562.798,         19
                  comp,  measure1,        lif,   768,    6347.954,    6281.5,   580.742,         32
                  comp,  measure1,        lif,   800,    7137.908,    7021.0,   584.467,         25
                  comp,  measure1,        lif,   832,    7031.575,    6798.0,  1082.758,          6
                  comp,  measure1,        lif,   864,    8227.359,    8001.0,   988.728,          5
                  comp,  measure1,        lif,   896,    7321.334,    7170.0,   804.485,         12
                  comp,  measure1,        lif,   928,    7849.218,    7712.0,   724.371,         21
                  comp,  measure1,        lif,   960,    8781.169,    8551.0,  1116.067,         10
                  comp,  measure1,        lif,   992,    8451.011,    8238.0,  1073.677,          7
                  comp,  measure1,        lif,  1024,    7827.913,    7634.5,    754.03,         28
                  comp,  measure1,    lif-opt,    32,    1185.323,    1184.0,    88.206,         12
                  comp,  measure1,    lif-opt,    64,    1180.328,    1180.5,    84.391,          8
                  comp,  measure1,    lif-opt,    96,    1162.495,    1164.5,    76.563,         10
                  comp,  measure1,    lif-opt,   128,    1157.259,    1157.0,    79.711,          6
                  comp,  measure1,    lif-opt,   160,    1157.187,    1154.0,     86.67,          6
                  comp,  measure1,    lif-opt,   192,    1168.671,    1162.0,    84.451,          6
                  comp,  measure1,    lif-opt,   224,    1174.378,    1175.0,    84.372,         10
                  comp,  measure1,    lif-opt,   256,    1187.579,    1179.0,     94.81,         10
                  comp,  measure1,    lif-opt,   288,     1184.07,    1181.0,    87.381,         11
                  comp,  measure1,    lif-opt,   320,      1180.7,    1172.5,    94.917,          6
                  comp,  measure1,    lif-opt,   352,    1153.702,    1149.0,    74.937,         13
                  comp,  measure1,    lif-opt,   384,    1141.548,    1131.0,    82.405,         12
                  comp,  measure1,    lif-opt,   416,    1175.407,    1166.5,    90.002,          4
                  comp,  measure1,    lif-opt,   448,    1185.626,    1174.0,    92.481,          8
                  comp,  measure1,    lif-opt,   480,    1162.074,    1150.0,    91.745,         10
                  comp,  measure1,    lif-opt,   512,    1200.568,    1191.5,    86.835,         10
                  comp,  measure1,    lif-opt,   544,    1166.254,    1157.5,    89.975,         10
                  comp,  measure1,    lif-opt,   576,     1167.72,    1155.0,    88.702,         10
                  comp,  measure1,    lif-opt,   608,    1165.987,    1153.0,     88.72,         13
                  comp,  measure1,    lif-opt,   640,    1186.929,    1176.0,    81.336,         11
                  comp,  measure1,    lif-opt,   672,    1163.196,    1152.0,    86.651,         12
                  comp,  measure1,    lif-opt,   704,    1175.141,    1162.0,    98.665,          3
                  comp,  measure1,    lif-opt,   736,    1159.203,    1143.5,    88.982,          2
                  comp,  measure1,    lif-opt,   768,    1161.555,    1152.5,    92.842,         10
                  comp,  measure1,    lif-opt,   800,    1181.007,    1167.0,    94.526,          3
                  comp,  measure1,    lif-opt,   832,    1156.525,    1150.0,    79.422,         10
                  comp,  measure1,    lif-opt,   864,     1177.14,    1171.0,    89.669,          6
                  comp,  measure1,    lif-opt,   896,    1159.735,    1146.0,    93.369,          3
                  comp,  measure1,    lif-opt,   928,    1154.397,    1151.0,    77.863,         11
                  comp,  measure1,    lif-opt,   960,     1145.09,    1136.0,    81.315,          5
                  comp,  measure1,    lif-opt,   992,    1136.306,    1125.0,    83.395,          5
                  comp,  measure1,    lif-opt,  1024,    1161.098,    1152.0,    87.406,          6
                  comp,  measure1,       meng,    32,    1170.271,    1157.0,    88.913,          7
                  comp,  measure1,       meng,    64,    1206.883,    1200.0,    96.976,          4
                  comp,  measure1,       meng,    96,     1149.11,    1137.0,    82.216,         11
                  comp,  measure1,       meng,   128,    1185.156,    1177.0,    89.079,          7
                  comp,  measure1,       meng,   160,    1184.051,    1177.0,    91.006,          4
                  comp,  measure1,       meng,   192,    1202.754,    1194.0,    99.895,          7
                  comp,  measure1,       meng,   224,    1204.766,    1197.0,     85.79,         11
                  comp,  measure1,       meng,   256,    1228.432,    1182.0,   206.888,         17
                  comp,  measure1,       meng,   288,    1191.931,    1186.0,    88.848,         11
                  comp,  measure1,       meng,   320,    1152.209,    1141.0,    84.962,          8
                  comp,  measure1,       meng,   352,    1238.981,    1225.0,   111.337,          9
                  comp,  measure1,       meng,   384,    1148.191,    1138.0,     79.34,         10
                  comp,  measure1,       meng,   416,    1147.042,    1139.0,    76.997,          7
                  comp,  measure1,       meng,   448,    1147.474,    1138.0,    80.672,          4
                  comp,  measure1,       meng,   480,    1179.784,    1172.0,    95.815,          7
                  comp,  measure1,       meng,   512,    1138.381,    1120.0,    84.471,          7
                  comp,  measure1,       meng,   544,    1173.722,    1164.0,    87.139,          3
                  comp,  measure1,       meng,   576,    1208.521,    1203.0,     82.47,         11
                  comp,  measure1,       meng,   608,    1195.702,    1187.0,    89.601,          5
                  comp,  measure1,       meng,   640,    1224.687,    1213.0,    93.746,          9
                  comp,  measure1,       meng,   672,    1196.645,    1187.0,    89.848,          2
                  comp,  measure1,       meng,   704,    1180.694,    1173.5,    80.771,         14
                  comp,  measure1,       meng,   736,    1177.123,    1168.0,    90.006,          4
                  comp,  measure1,       meng,   768,    1188.077,    1174.0,    89.867,          3
                  comp,  measure1,       meng,   800,    1170.035,    1160.5,    82.248,         12
                  comp,  measure1,       meng,   832,    1170.229,    1161.5,    77.813,          8
                  comp,  measure1,       meng,   864,    1161.901,    1156.0,    75.741,          9
                  comp,  measure1,       meng,   896,    1172.008,    1162.5,    83.827,          2
                  comp,  measure1,       meng,   928,    1190.302,    1182.0,    78.036,          9
                  comp,  measure1,       meng,   960,    1173.711,    1164.0,     78.06,         13
                  comp,  measure1,       meng,   992,    1175.921,    1174.0,    79.238,          5
                  comp,  measure1,       meng,  1024,    1173.699,    1165.0,    88.273,          3
                  comp,  measure1,   meng-opt,    32,    1161.961,    1151.0,    87.811,          5
                  comp,  measure1,   meng-opt,    64,    1219.508,    1221.0,     86.51,          4
                  comp,  measure1,   meng-opt,    96,    1178.608,    1174.0,    84.029,         12
                  comp,  measure1,   meng-opt,   128,    1186.307,    1175.0,   102.201,          5
                  comp,  measure1,   meng-opt,   160,    1184.134,    1178.0,    89.132,          9
                  comp,  measure1,   meng-opt,   192,    1213.077,    1206.0,    90.856,          6
                  comp,  measure1,   meng-opt,   224,    1179.887,    1170.0,    95.346,          2
                  comp,  measure1,   meng-opt,   256,    1232.046,    1231.0,    87.273,          9
                  comp,  measure1,   meng-opt,   288,    1249.826,    1213.5,   189.937,         14
                  comp,  measure1,   meng-opt,   320,     1188.11,    1180.0,    87.459,         11
                  comp,  measure1,   meng-opt,   352,    1191.356,    1187.0,    80.336,         13
                  comp,  measure1,   meng-opt,   384,    1189.917,    1182.0,    90.001,          3
                  comp,  measure1,   meng-opt,   416,    1200.985,    1187.0,   110.623,         18
                  comp,  measure1,   meng-opt,   448,    1174.189,    1166.0,    90.798,         20
                  comp,  measure1,   meng-opt,   480,    1185.979,    1173.0,    94.558,          3
                  comp,  measure1,   meng-opt,   512,    1173.891,    1172.0,    78.858,          8
                  comp,  measure1,   meng-opt,   544,    1195.848,    1186.0,    87.878,          1
                  comp,  measure1,   meng-opt,   576,     1150.38,    1147.5,    80.493,         10
                  comp,  measure1,   meng-opt,   608,    1170.685,    1169.5,    88.348,          8
                  comp,  measure1,   meng-opt,   640,    1156.129,    1152.0,    79.746,          9
                  comp,  measure1,   meng-opt,   672,    1175.128,    1165.0,    96.435,          4
                  comp,  measure1,   meng-opt,   704,    1199.627,    1198.0,    83.197,          9
                  comp,  measure1,   meng-opt,   736,    1214.415,    1210.0,      87.1,          9
                  comp,  measure1,   meng-opt,   768,    1207.838,    1205.0,    85.591,          2
                  comp,  measure1,   meng-opt,   800,    1173.498,    1165.0,    85.348,          7
                  comp,  measure1,   meng-opt,   832,    1180.423,    1175.0,    88.092,          7
                  comp,  measure1,   meng-opt,   864,    1183.626,    1171.0,    95.186,          5
                  comp,  measure1,   meng-opt,   896,    1183.755,    1177.0,    87.118,          2
                  comp,  measure1,   meng-opt,   928,    1168.971,    1161.0,    75.068,         10
                  comp,  measure1,   meng-opt,   960,    1184.833,    1177.0,    85.469,          5
                  comp,  measure1,   meng-opt,   992,    1251.807,    1194.0,   309.454,          5
                  comp,  measure1,   meng-opt,  1024,    1180.209,    1172.5,    90.617,         24
                  comp,  measure2,       orig,    32,    1197.762,    1196.0,    89.779,          7
                  comp,  measure2,       orig,    64,    1200.601,    1197.0,    79.124,          7
                  comp,  measure2,       orig,    96,    1197.379,    1190.0,    84.428,          6
                  comp,  measure2,       orig,   128,    1183.754,    1172.5,    97.365,          4
                  comp,  measure2,       orig,   160,    1188.801,    1179.0,    96.906,          7
                  comp,  measure2,       orig,   192,    1213.613,    1213.0,    94.823,          7
                  comp,  measure2,       orig,   224,    1191.506,    1190.5,    77.277,         14
                  comp,  measure2,       orig,   256,    1186.567,    1185.0,    78.155,          7
                  comp,  measure2,       orig,   288,    1214.021,    1209.0,    87.356,          7
                  comp,  measure2,       orig,   320,    1222.739,    1218.0,    94.937,          2
                  comp,  measure2,       orig,   352,    1175.662,    1172.0,    85.007,         12
                  comp,  measure2,       orig,   384,     1169.59,    1166.0,    79.423,         13
                  comp,  measure2,       orig,   416,     1224.27,    1212.0,    90.388,          4
                  comp,  measure2,       orig,   448,    1195.411,    1188.0,    87.311,          6
                  comp,  measure2,       orig,   480,    1218.722,    1209.0,    92.456,         12
                  comp,  measure2,       orig,   512,    1180.085,    1173.5,    87.358,          4
                  comp,  measure2,       orig,   544,    1178.644,    1169.0,    89.987,          6
                  comp,  measure2,       orig,   576,    1178.725,    1168.0,    92.957,          6
                  comp,  measure2,       orig,   608,     1164.17,    1153.0,    76.967,          9
                  comp,  measure2,       orig,   640,    1202.637,    1198.0,    83.044,         11
                  comp,  measure2,       orig,   672,    1244.757,    1215.5,   164.551,         24
                  comp,  measure2,       orig,   704,    1203.607,    1199.0,    89.038,          9
                  comp,  measure2,       orig,   736,    1195.878,    1190.0,    81.637,          8
                  comp,  measure2,       orig,   768,    1179.822,    1173.0,    77.947,         11
                  comp,  measure2,       orig,   800,    1255.162,    1221.0,   184.444,         22
                  comp,  measure2,       orig,   832,    1224.118,    1204.0,   136.763,         10
                  comp,  measure2,       orig,   864,    1203.564,    1194.0,     93.66,          8
                  comp,  measure2,       orig,   896,    1180.767,    1173.0,    83.017,          8
                  comp,  measure2,       orig,   928,    1191.594,    1181.0,     86.92,          4
                  comp,  measure2,       orig,   960,    1209.999,    1202.0,    97.178,          7
                  comp,  measure2,       orig,   992,    1192.496,    1184.0,    80.406,         12
                  comp,  measure2,       orig,  1024,     1177.28,    1169.0,     87.07,          8
                  comp,  measure2,   orig-opt,    32,    1175.576,    1165.0,    98.496,         11
                  comp,  measure2,   orig-opt,    64,     1200.02,    1193.0,    93.261,          5
                  comp,  measure2,   orig-opt,    96,    1210.181,    1206.0,    85.697,          6
                  comp,  measure2,   orig-opt,   128,    1163.263,    1156.0,    85.583,          5
                  comp,  measure2,   orig-opt,   160,    1186.587,    1174.0,     95.66,          3
                  comp,  measure2,   orig-opt,   192,    1225.642,    1218.0,   103.291,          4
                  comp,  measure2,   orig-opt,   224,    1203.716,    1199.0,    91.646,          3
                  comp,  measure2,   orig-opt,   256,    1253.428,    1218.0,   204.118,         19
                  comp,  measure2,   orig-opt,   288,     1186.76,    1179.0,    99.657,          3
                  comp,  measure2,   orig-opt,   320,    1183.228,    1177.0,    85.166,          5
                  comp,  measure2,   orig-opt,   352,    1190.012,    1178.0,    90.692,          3
                  comp,  measure2,   orig-opt,   384,    1173.967,    1162.5,    88.163,          4
                  comp,  measure2,   orig-opt,   416,    1178.704,    1174.0,    93.313,          8
                  comp,  measure2,   orig-opt,   448,      1163.2,    1159.0,    84.946,          7
                  comp,  measure2,   orig-opt,   480,    1170.349,    1165.0,    85.465,         11
                  comp,  measure2,   orig-opt,   512,    1154.615,    1146.5,    75.634,         12
                  comp,  measure2,   orig-opt,   544,    1174.586,    1167.0,    88.992,          3
                  comp,  measure2,   orig-opt,   576,    1168.521,    1165.0,    86.975,          4
                  comp,  measure2,   orig-opt,   608,    1172.787,    1163.0,    88.309,          2
                  comp,  measure2,   orig-opt,   640,    1151.988,    1143.0,    83.929,          6
                  comp,  measure2,   orig-opt,   672,    1200.295,    1196.0,    92.044,          9
                  comp,  measure2,   orig-opt,   704,    1162.083,    1158.0,    74.922,         13
                  comp,  measure2,   orig-opt,   736,    1192.745,    1181.5,    96.739,          4
                  comp,  measure2,   orig-opt,   768,    1159.612,    1155.0,     79.24,          9
                  comp,  measure2,   orig-opt,   800,    1172.822,    1163.0,    87.768,         12
                  comp,  measure2,   orig-opt,   832,    1156.893,    1148.0,    84.914,          2
                  comp,  measure2,   orig-opt,   864,    1198.752,    1193.0,    87.478,         10
                  comp,  measure2,   orig-opt,   896,    1197.616,    1194.0,    86.986,          7
                  comp,  measure2,   orig-opt,   928,    1190.402,    1183.0,    97.191,         12
                  comp,  measure2,   orig-opt,   960,    1236.884,    1200.0,    185.89,         18
                  comp,  measure2,   orig-opt,   992,     1184.84,    1173.5,    90.091,         12
                  comp,  measure2,   orig-opt,  1024,    1184.795,    1173.0,    96.081,          9
                  comp,  measure2,        lif,    32,     1350.24,    1340.0,   100.758,          4
                  comp,  measure2,        lif,    64,    1637.651,    1609.0,   169.272,         11
                  comp,  measure2,        lif,    96,    1810.915,    1788.0,   156.875,          9
                  comp,  measure2,        lif,   128,    2220.554,    2215.0,   216.306,         15
                  comp,  measure2,        lif,   160,    2361.137,    2338.0,   179.514,         31
                  comp,  measure2,        lif,   192,     2724.84,    2695.0,   273.233,         13
                  comp,  measure2,        lif,   224,    2809.118,    2776.0,   235.867,         26
                  comp,  measure2,        lif,   256,    3087.539,    3048.0,   260.816,         19
                  comp,  measure2,        lif,   288,    3215.558,    3191.0,   255.492,         29
                  comp,  measure2,        lif,   320,    3645.871,    3621.0,    281.13,         25
                  comp,  measure2,        lif,   352,    3444.177,    3392.0,   328.843,         20
                  comp,  measure2,        lif,   384,    4259.273,    4238.0,   326.825,         26
                  comp,  measure2,        lif,   416,    3911.687,    3831.0,    446.71,          3
                  comp,  measure2,        lif,   448,    4489.324,    4445.0,   370.334,         28
                  comp,  measure2,        lif,   480,    4736.509,    4697.0,   392.361,         21
                  comp,  measure2,        lif,   512,    5053.737,    5007.0,   459.638,         29
                  comp,  measure2,        lif,   544,    5173.973,    5137.0,   451.971,         28
                  comp,  measure2,        lif,   576,    5647.491,    5594.0,   501.542,         34
                  comp,  measure2,        lif,   608,    5128.996,    5066.0,     374.7,         27
                  comp,  measure2,        lif,   640,    5755.534,    5715.0,   463.884,         27
                  comp,  measure2,        lif,   672,    5807.216,    5767.0,   458.309,         28
                  comp,  measure2,        lif,   704,    6162.998,    6104.0,   496.826,         33
                  comp,  measure2,        lif,   736,    5793.429,    5740.5,   428.013,         32
                  comp,  measure2,        lif,   768,    6107.591,    6076.0,   440.787,         28
                  comp,  measure2,        lif,   800,    6361.436,    6263.0,   553.031,         29
                  comp,  measure2,        lif,   832,    7491.923,    7399.0,   614.887,         33
                  comp,  measure2,        lif,   864,    7421.792,    7326.0,   722.701,         27
                  comp,  measure2,        lif,   896,    8208.495,    8060.0,   941.689,         12
                  comp,  measure2,        lif,   928,    8050.215,    7831.0,     897.4,         18
                  comp,  measure2,        lif,   960,    7654.389,    7518.0,    707.08,         26
                  comp,  measure2,        lif,   992,    8138.248,    7963.0,   911.459,          7
                  comp,  measure2,        lif,  1024,    8655.134,    8485.0,   712.649,         25
                  comp,  measure2,    lif-opt,    32,     1193.82,    1184.5,    94.041,         10
                  comp,  measure2,    lif-opt,    64,     1141.89,    1135.0,    74.339,         14
                  comp,  measure2,    lif-opt,    96,    1184.716,    1180.5,    81.072,         14
                  comp,  measure2,    lif-opt,   128,    1154.652,    1146.0,    78.735,          2
                  comp,  measure2,    lif-opt,   160,    1173.692,    1161.0,    86.574,         11
                  comp,  measure2,    lif-opt,   192,    1186.797,    1177.0,    88.714,         13
                  comp,  measure2,    lif-opt,   224,    1191.562,    1185.0,    90.473,          8
                  comp,  measure2,    lif-opt,   256,     1183.94,    1168.0,   136.399,          1
                  comp,  measure2,    lif-opt,   288,    1208.668,    1188.0,   126.096,         25
                  comp,  measure2,    lif-opt,   320,    1172.328,    1164.5,    86.511,          2
                  comp,  measure2,    lif-opt,   352,    1150.156,    1147.0,    70.917,          7
                  comp,  measure2,    lif-opt,   384,    1186.543,    1177.0,    95.553,         14
                  comp,  measure2,    lif-opt,   416,    1211.434,    1206.0,    81.062,         13
                  comp,  measure2,    lif-opt,   448,     1190.34,    1184.0,    87.408,         11
                  comp,  measure2,    lif-opt,   480,    1172.664,    1164.0,    83.754,         11
                  comp,  measure2,    lif-opt,   512,    1202.632,    1192.0,    96.965,         14
                  comp,  measure2,    lif-opt,   544,    1201.514,    1195.0,    87.814,         13
                  comp,  measure2,    lif-opt,   576,    1213.642,    1206.5,    90.825,         12
                  comp,  measure2,    lif-opt,   608,    1193.757,    1187.0,    83.302,         10
                  comp,  measure2,    lif-opt,   640,    1196.872,    1185.5,    92.911,         14
                  comp,  measure2,    lif-opt,   672,     1158.58,    1150.0,    83.248,         12
                  comp,  measure2,    lif-opt,   704,     1187.52,    1180.0,    88.192,          9
                  comp,  measure2,    lif-opt,   736,    1175.236,    1159.0,    99.193,         23
                  comp,  measure2,    lif-opt,   768,    1171.251,    1160.0,    79.164,          9
                  comp,  measure2,    lif-opt,   800,      1176.8,    1170.0,    76.613,         10
                  comp,  measure2,    lif-opt,   832,    1178.722,    1167.0,    95.287,          3
                  comp,  measure2,    lif-opt,   864,    1183.004,    1172.0,    82.925,         14
                  comp,  measure2,    lif-opt,   896,    1178.675,    1169.5,    82.041,          8
                  comp,  measure2,    lif-opt,   928,    1199.753,    1193.0,    85.889,         11
                  comp,  measure2,    lif-opt,   960,    1172.953,    1164.0,    74.264,          6
                  comp,  measure2,    lif-opt,   992,    1220.797,    1209.0,    95.635,         10
                  comp,  measure2,    lif-opt,  1024,    1191.542,    1185.0,    81.256,         13
                  comp,  measure2,       meng,    32,    1180.483,    1172.0,    87.254,          7
                  comp,  measure2,       meng,    64,    1186.013,    1178.5,     85.16,         10
                  comp,  measure2,       meng,    96,    1161.075,    1154.0,    82.854,          3
                  comp,  measure2,       meng,   128,     1157.05,    1149.0,    80.454,          8
                  comp,  measure2,       meng,   160,    1164.521,    1158.0,    77.666,         15
                  comp,  measure2,       meng,   192,    1179.342,    1170.0,    84.975,          7
                  comp,  measure2,       meng,   224,    1152.451,    1142.0,    74.569,         10
                  comp,  measure2,       meng,   256,    1180.329,    1169.5,    89.616,         12
                  comp,  measure2,       meng,   288,    1182.978,    1173.0,    83.004,          9
                  comp,  measure2,       meng,   320,    1174.553,    1166.0,    89.689,          8
                  comp,  measure2,       meng,   352,    1201.822,    1194.0,    85.363,          8
                  comp,  measure2,       meng,   384,    1204.572,    1193.5,    87.861,         12
                  comp,  measure2,       meng,   416,    1190.897,    1180.0,    86.651,          9
                  comp,  measure2,       meng,   448,    1229.176,    1223.0,    97.414,          8
                  comp,  measure2,       meng,   480,     1182.74,    1175.0,    81.914,         10
                  comp,  measure2,       meng,   512,    1156.323,    1147.0,    77.891,         14
                  comp,  measure2,       meng,   544,     1186.65,    1179.0,    82.415,         11
                  comp,  measure2,       meng,   576,    1196.574,    1187.0,    84.105,          7
                  comp,  measure2,       meng,   608,     1187.18,    1180.5,      88.8,         12
                  comp,  measure2,       meng,   640,    1157.497,    1159.0,    66.351,         15
                  comp,  measure2,       meng,   672,     1206.97,    1200.0,    91.399,         12
                  comp,  measure2,       meng,   704,    1192.534,    1183.0,    83.653,          5
                  comp,  measure2,       meng,   736,    1194.622,    1186.0,     88.32,         11
                  comp,  measure2,       meng,   768,    1176.364,    1171.0,     83.09,          9
                  comp,  measure2,       meng,   800,    1198.081,    1193.0,    83.257,         12
                  comp,  measure2,       meng,   832,    1177.375,    1173.0,    78.158,          8
                  comp,  measure2,       meng,   864,    1176.302,    1169.0,     88.99,          1
                  comp,  measure2,       meng,   896,    1189.845,    1182.0,     82.22,         18
                  comp,  measure2,       meng,   928,    1172.984,    1172.0,    72.084,          9
                  comp,  measure2,       meng,   960,    1197.008,    1189.0,    90.789,          8
                  comp,  measure2,       meng,   992,    1198.656,    1189.0,    90.149,         13
                  comp,  measure2,       meng,  1024,    1198.734,    1193.0,    82.659,          9
                  comp,  measure2,   meng-opt,    32,    1152.834,    1143.0,    89.138,          6
                  comp,  measure2,   meng-opt,    64,    1147.332,    1139.0,    87.162,          8
                  comp,  measure2,   meng-opt,    96,    1181.991,    1168.5,    88.987,          4
                  comp,  measure2,   meng-opt,   128,    1157.272,    1148.0,    86.376,         10
                  comp,  measure2,   meng-opt,   160,    1143.611,    1136.0,    80.612,         11
                  comp,  measure2,   meng-opt,   192,    1134.881,    1129.0,    77.299,         11
                  comp,  measure2,   meng-opt,   224,    1137.037,    1127.0,    77.609,          8
                  comp,  measure2,   meng-opt,   256,    1176.883,    1171.0,    84.904,         11
                  comp,  measure2,   meng-opt,   288,    1182.816,    1178.0,    79.801,         10
                  comp,  measure2,   meng-opt,   320,    1193.208,    1190.0,    88.062,         10
                  comp,  measure2,   meng-opt,   352,    1192.491,    1188.0,    81.102,         14
                  comp,  measure2,   meng-opt,   384,    1175.626,    1168.0,    86.474,          4
                  comp,  measure2,   meng-opt,   416,    1191.219,    1178.0,   103.939,          3
                  comp,  measure2,   meng-opt,   448,    1167.354,    1160.0,    88.088,          1
                  comp,  measure2,   meng-opt,   480,     1191.79,    1185.0,    79.042,         15
                  comp,  measure2,   meng-opt,   512,     1183.42,    1173.0,    89.924,          4
                  comp,  measure2,   meng-opt,   544,    1177.072,    1167.0,    89.386,          6
                  comp,  measure2,   meng-opt,   576,    1189.603,    1187.0,    81.156,          9
                  comp,  measure2,   meng-opt,   608,    1214.695,    1209.0,    97.791,         10
                  comp,  measure2,   meng-opt,   640,    1175.546,    1165.0,    88.448,          6
                  comp,  measure2,   meng-opt,   672,    1204.092,    1195.0,    96.551,         11
                  comp,  measure2,   meng-opt,   704,    1150.001,    1142.0,    82.865,          6
                  comp,  measure2,   meng-opt,   736,    1201.896,    1190.0,    93.528,          2
                  comp,  measure2,   meng-opt,   768,     1183.52,    1174.0,    86.123,          8
                  comp,  measure2,   meng-opt,   800,    1180.786,    1171.0,    89.556,          6
                  comp,  measure2,   meng-opt,   832,    1152.786,    1148.0,    81.138,          8
                  comp,  measure2,   meng-opt,   864,    1180.097,    1176.0,    80.279,          7
                  comp,  measure2,   meng-opt,   896,    1192.028,    1180.0,    95.378,          5
                  comp,  measure2,   meng-opt,   928,    1194.035,    1182.0,    95.881,         24
                  comp,  measure2,   meng-opt,   960,    1165.902,    1161.0,    84.525,          9
                  comp,  measure2,   meng-opt,   992,    1180.408,    1175.0,    84.373,          3
                  comp,  measure2,   meng-opt,  1024,    1149.333,    1150.5,    68.563,         10
              hash/md5,   measure,       orig,    16,    2231.611,    1909.0,   724.448,          2
              hash/md5,   measure,   orig-opt,    16,    2177.203,    1867.0,   714.788,          1
              hash/md5,   measure,     isochr,    16,    2370.905,    2063.0,   705.365,          1
              hash/md5,   measure, isochr-opt,    16,    2249.051,    1930.0,   730.759,          1
              hash/md5,   measure,       meng,    16,          -1,        -1,        -1,         -1
              hash/md5,   measure,   meng-opt,    16,          -1,        -1,        -1,         -1
          dudect/aes32,   measure,       orig,    16,    3441.461,    3427.0,   105.666,         28
          dudect/aes32,   measure,   orig-opt,    16,    3855.559,    3837.0,    216.01,         24
          dudect/aes32,   measure,     isochr,    16,   12277.865,   12241.0,   246.556,          9
          dudect/aes32,   measure, isochr-opt,    16,   12208.611,   12182.0,   252.886,         15
          dudect/aes32,   measure,       meng,    16,          -1,        -1,        -1,         -1
          dudect/aes32,   measure,   meng-opt,    16,          -1,        -1,        -1,         -1
       dudect/donnabad,   measure,       orig,    32, 1598373.152, 1596909.5,  6689.828,         10
       dudect/donnabad,   measure,   orig-opt,    32,  1502172.43, 1501718.0,  2419.397,         23
       dudect/donnabad,   measure,     isochr,    32, 6751958.382, 6750841.0,  9926.243,          7
       dudect/donnabad,   measure, isochr-opt,    32, 2259805.063, 2259092.0,  3548.845,         35
       dudect/donnabad,   measure,       meng,    32,          -1,        -1,        -1,         -1
       dudect/donnabad,   measure,   meng-opt,    32,          -1,        -1,        -1,         -1
           chronos/aes,   measure,       orig,    64,    5725.124,    5679.5,   333.686,         34
           chronos/aes,   measure,   orig-opt,    64,    6119.118,    6113.0,   354.792,         11
           chronos/aes,   measure,     isochr,    64,    7244.815,    7209.0,   397.987,         28
           chronos/aes,   measure, isochr-opt,    64,    6417.851,    6381.0,   331.245,         22
           chronos/aes,   measure,       meng,    64,   12794.162,   12634.5,   976.147,          2
           chronos/aes,   measure,   meng-opt,    64,   10087.145,    9898.5,  1003.717,          2
           chronos/des,   measure,       orig,    64,    3305.119,    3295.0,   183.463,          2
           chronos/des,   measure,   orig-opt,    64,    3378.124,    3374.0,   200.384,          9
           chronos/des,   measure,     isochr,    64,    4174.188,    4143.0,   253.879,         11
           chronos/des,   measure, isochr-opt,    64,    4146.313,    4129.0,   248.491,         11
           chronos/des,   measure,       meng,    64,   26370.706,   25988.5,  2011.157,          4
           chronos/des,   measure,   meng-opt,    64,   16557.911,   16459.5,  1090.521,         18
          chronos/des3,   measure,       orig,    64,    3892.792,    3862.0,   224.227,         11
          chronos/des3,   measure,   orig-opt,    64,    3791.338,    3771.0,   220.351,          8
          chronos/des3,   measure,     isochr,    64,    6062.201,    6020.0,   419.841,         17
          chronos/des3,   measure, isochr-opt,    64,    6597.509,    6525.0,   533.162,         11
          chronos/des3,   measure,       meng,    64,   39467.122,   39146.0,  2274.979,         15
          chronos/des3,   measure,   meng-opt,    64,   28830.435,   28323.0,  2232.496,         21
        chronos/anubis,   measure,       orig,    64,    4745.579,    4623.0,   631.585,         17
        chronos/anubis,   measure,   orig-opt,    64,    4009.326,    3983.0,   246.114,         17
        chronos/anubis,   measure,     isochr,    64,    7811.916,    7779.0,   484.614,         27
        chronos/anubis,   measure, isochr-opt,    64,    7597.893,    7244.0,  1298.795,         24
        chronos/anubis,   measure,       meng,    64,   41088.421,   40359.5,  2966.093,          6
        chronos/anubis,   measure,   meng-opt,    64,     42120.7,   41409.0,  2991.526,          8
         chronos/cast5,   measure,       orig,    64,    4008.413,    3975.0,    230.48,          4
         chronos/cast5,   measure,   orig-opt,    64,    3898.995,    3882.0,   243.059,          5
         chronos/cast5,   measure,     isochr,    64,    5502.822,    5485.5,   263.558,         18
         chronos/cast5,   measure, isochr-opt,    64,    5256.894,    5228.5,   340.893,          2
         chronos/cast5,   measure,       meng,    64,    8736.115,    8626.0,   705.602,          1
         chronos/cast5,   measure,   meng-opt,    64,    9047.923,    8922.5,   848.535,          2
         chronos/cast6,   measure,       orig,    16,    3308.363,    3285.0,    182.91,         13
         chronos/cast6,   measure,   orig-opt,    16,    3777.422,    3768.0,   179.786,          5
         chronos/cast6,   measure,     isochr,    16,    4132.846,    4111.0,    262.08,          5
         chronos/cast6,   measure, isochr-opt,    16,     4267.36,    4264.0,   203.904,         13
         chronos/cast6,   measure,       meng,    16,     6214.35,    6200.0,   332.259,         11
         chronos/cast6,   measure,   meng-opt,    16,    5693.874,    5659.0,    281.93,         13
        chronos/fcrypt,   measure,       orig,    64,     3499.04,    3501.0,   169.671,          3
        chronos/fcrypt,   measure,   orig-opt,    64,    3278.945,    3296.0,   187.414,          4
        chronos/fcrypt,   measure,     isochr,    64,    3406.984,    3395.0,   152.214,          8
        chronos/fcrypt,   measure, isochr-opt,    64,    3468.579,    3468.0,   173.535,          3
        chronos/fcrypt,   measure,       meng,    64,     4809.49,    4785.0,   272.203,         29
        chronos/fcrypt,   measure,   meng-opt,    64,    4170.016,    4125.0,   298.004,          5
        chronos/khazad,   measure,       orig,    64,    4724.593,    4749.0,   346.354,          3
        chronos/khazad,   measure,   orig-opt,    64,    4318.427,    4303.5,   261.149,          6
        chronos/khazad,   measure,     isochr,    64,    4521.991,    4480.0,   343.619,          9
        chronos/khazad,   measure, isochr-opt,    64,    4830.557,    4823.5,   271.321,          8
        chronos/khazad,   measure,       meng,    64,   18143.962,   17952.0,   1287.76,         23
        chronos/khazad,   measure,   meng-opt,    64,    15153.87,   15003.0,  1140.309,         13
         felics/lblock,   measure,       orig,    64,    2033.182,    2021.5,   104.447,          6
         felics/lblock,   measure,   orig-opt,    64,    2023.598,    1989.0,   173.481,          5
         felics/lblock,   measure,     isochr,    64,    4348.151,    4337.0,   227.424,         16
         felics/lblock,   measure, isochr-opt,    64,    3783.348,    3760.0,   291.714,         18
         felics/lblock,   measure,       meng,    64,    2121.571,    2109.0,   133.184,         25
         felics/lblock,   measure,   meng-opt,    64,    1894.674,    1883.0,   124.751,         14
        felics/piccolo,   measure,       orig,    64,    2166.751,    2156.0,    122.05,         23
        felics/piccolo,   measure,   orig-opt,    64,    2166.013,    2155.0,   143.638,          3
        felics/piccolo,   measure,     isochr,    64,    2992.148,    2976.0,   126.344,         19
        felics/piccolo,   measure, isochr-opt,    64,    2623.997,    2615.0,    97.676,          7
        felics/piccolo,   measure,       meng,    64,    2328.261,    2326.0,   142.545,          4
        felics/piccolo,   measure,   meng-opt,    64,    2092.419,    2089.0,    89.188,          5
        felics/present,   measure,       orig,    64,    2418.857,    2380.0,   249.124,          3
        felics/present,   measure,   orig-opt,    64,    2419.715,    2380.0,   200.197,         23
        felics/present,   measure,     isochr,    64,     4023.97,    3936.0,   503.006,          6
        felics/present,   measure, isochr-opt,    64,     3889.58,    3844.5,   339.953,         28
        felics/present,   measure,       meng,    64,    2410.347,    2398.5,    205.37,         20
        felics/present,   measure,   meng-opt,    64,    2161.547,    2134.0,   188.505,         21
          felics/twine,   measure,       orig,    64,    4047.225,    4006.0,   333.563,         15
          felics/twine,   measure,   orig-opt,    64,    2723.429,    2669.0,    311.01,          2
          felics/twine,   measure,     isochr,    64,   11069.483,   10954.0,   746.646,         32
          felics/twine,   measure, isochr-opt,    64,    9247.923,    9016.5,  1236.522,          6
          felics/twine,   measure,       meng,    64,    3665.497,    3628.0,   297.861,         25
          felics/twine,   measure,   meng-opt,    64,     2860.26,    2812.0,   251.399,         12
          supercop/aes,   measure,       orig,    64,    3296.511,    3293.0,   179.515,          7
          supercop/aes,   measure,   orig-opt,    64,    3374.526,    3369.0,   153.397,          7
          supercop/aes,   measure,     isochr,    64,    4867.822,    4851.0,   291.522,         17
          supercop/aes,   measure, isochr-opt,    64,    4699.538,    4668.0,   414.136,          5
          supercop/aes,   measure,       meng,    64,    3911.913,    3872.0,   281.272,          9
          supercop/aes,   measure,   meng-opt,    64,    3919.196,    3877.0,   274.514,          2
         supercop/cast,   measure,       orig,    64,     4538.48,    4492.0,   410.726,          2
         supercop/cast,   measure,   orig-opt,    64,    5191.985,    5184.0,   326.633,          5
         supercop/cast,   measure,     isochr,    64,     6812.84,    6766.0,   501.497,          4
         supercop/cast,   measure, isochr-opt,    64,    6236.671,    6208.5,    298.72,         10
         supercop/cast,   measure,       meng,    64,   31669.725,   31297.0,   2045.19,         14
         supercop/cast,   measure,   meng-opt,    64,   20949.163,   20683.0,  1581.344,         12
   applied-crypto/3way,   measure,       orig,     3,    6244.439,    6182.0,   335.158,         23
   applied-crypto/3way,   measure,   orig-opt,     3,    3006.238,    2996.5,   132.792,          8
   applied-crypto/3way,   measure,     isochr,     3,    9084.124,    9041.0,   303.961,          4
   applied-crypto/3way,   measure, isochr-opt,     3,     5431.36,    5397.5,   230.469,          6
   applied-crypto/3way,   measure,       meng,     3,    3848.635,    3833.5,   145.653,          8
   applied-crypto/3way,   measure,   meng-opt,     3,    2947.853,    2933.0,   150.836,          2
    applied-crypto/des,   measure,       orig,     8,    10927.61,   10141.0,  1533.481,         11
    applied-crypto/des,   measure,   orig-opt,     8,    8209.663,    8008.0,   784.236,         16
    applied-crypto/des,   measure,     isochr,     8,   32957.151,   32465.0,  2551.992,         11
    applied-crypto/des,   measure, isochr-opt,     8,   22026.493,   21867.5,  1348.321,         24
    applied-crypto/des,   measure,       meng,     8,   10817.024,   10535.0,     978.5,         13
    applied-crypto/des,   measure,   meng-opt,     8,     8190.89,    8021.0,  1087.367,          2
 applied-crypto/loki91,   measure,       orig,    24,   37492.855,   37451.0,   567.452,         23
 applied-crypto/loki91,   measure,   orig-opt,    24,   33344.019,   33351.0,   261.178,          4
 applied-crypto/loki91,   measure,     isochr,    24,   52464.103,   52320.5,   377.329,         10
 applied-crypto/loki91,   measure, isochr-opt,    24,   44669.909,   44524.5,   359.743,         12
 applied-crypto/loki91,   measure,       meng,    24,   47447.152,   47328.5,   305.157,         16
 applied-crypto/loki91,   measure,   meng-opt,    24,   43686.221,   43582.0,    350.37,         10
    libgcrypt/camellia,   measure,       orig,    50,    1657.575,    1650.0,   121.764,          1
    libgcrypt/camellia,   measure,   orig-opt,    50,    1681.044,    1670.0,    105.17,         10
    libgcrypt/camellia,   measure,     isochr,    50,     2068.06,    2054.0,   148.096,         13
    libgcrypt/camellia,   measure, isochr-opt,    50,    1853.359,    1826.0,   173.059,          7
    libgcrypt/camellia,   measure,       meng,    50,    2754.074,    2728.0,     295.5,         15
    libgcrypt/camellia,   measure,   meng-opt,    50,    2126.227,    2108.0,   162.729,         17
         libgcrypt/des,   measure,       orig,    64,    2074.387,    2032.0,    213.44,         22
         libgcrypt/des,   measure,   orig-opt,    64,    3423.848,    3385.0,   258.699,          3
         libgcrypt/des,   measure,     isochr,    64,    2903.027,    2860.5,    283.09,         14
         libgcrypt/des,   measure, isochr-opt,    64,    5163.836,    5114.0,   354.113,          8
         libgcrypt/des,   measure,       meng,    64,    2949.401,    2926.0,   327.461,          7
         libgcrypt/des,   measure,   meng-opt,    64,    3941.206,    3922.0,   234.338,         20
        libgcrypt/seed,   measure,       orig,    16,    3130.085,    3108.0,   160.357,          1
        libgcrypt/seed,   measure,   orig-opt,    16,    3578.283,    3557.5,   185.825,          8
        libgcrypt/seed,   measure,     isochr,    16,    4533.135,    4504.0,   285.186,         12
        libgcrypt/seed,   measure, isochr-opt,    16,    4414.689,    4375.0,   329.526,         11
        libgcrypt/seed,   measure,       meng,    16,   12914.511,   12761.5,   903.327,         18
        libgcrypt/seed,   measure,   meng-opt,    16,   11667.689,   11588.0,   779.836,         17
     libgcrypt/twofish,   measure,       orig,    16,    9518.581,    9487.0,   425.873,          5
     libgcrypt/twofish,   measure,   orig-opt,    16,    6651.115,    6539.0,   646.431,          5
     libgcrypt/twofish,   measure,     isochr,    16,   29528.102,   29285.5,  1524.826,         18
     libgcrypt/twofish,   measure, isochr-opt,    16,   15448.182,   15348.0,  1471.101,          9
     libgcrypt/twofish,   measure,       meng,    16,   77347.138,   76733.5,  5325.983,          8
     libgcrypt/twofish,   measure,   meng-opt,    16,   71588.123,   70876.0,  4531.064,          6
